TripTime,StartStation,EndStation
26.29,Lincoln Memorial,Constitution Ave & 2nd St NW/DOL
26.24,Jefferson Dr & 14th St SW,Jefferson Memorial
27.28,Jefferson Dr & 14th St SW,Jefferson Memorial
27.26,Jefferson Dr & 14th St SW,Jefferson Memorial
20.75,Lincoln Memorial,Jefferson Memorial
21.34,Lincoln Memorial,Jefferson Memorial
124.9,Jefferson Dr & 14th St SW,Jefferson Dr & 14th St SW
126.69,Jefferson Dr & 14th St SW,Jefferson Dr & 14th St SW
10.43,Lincoln Memorial,Iwo Jima Memorial/N Meade & 14th St N
10.32,Lincoln Memorial,Iwo Jima Memorial/N Meade & 14th St N
16.76,Lincoln Memorial,14th & Rhode Island Ave NW
7.02,Lincoln Memorial,20th & E St NW
20.47,Jefferson Dr & 14th St SW,15th & W St NW
29.58,Jefferson Dr & 14th St SW,Smithsonian-National Mall / Jefferson Dr & 12th St SW
27.31,Jefferson Dr & 14th St SW,20th & Crystal Dr
39.79,Lincoln Memorial,15th & P St NW
39.75,Lincoln Memorial,15th & P St NW
20.1,Lincoln Memorial,Rosslyn Metro / Wilson Blvd & Ft Myer Dr
20.45,Lincoln Memorial,Rosslyn Metro / Wilson Blvd & Ft Myer Dr
61.09,Jefferson Dr & 14th St SW,14th & D St NW / Ronald Reagan Building
61.34,Jefferson Dr & 14th St SW,14th & D St NW / Ronald Reagan Building
24.58,Jefferson Dr & 14th St SW,4th & East Capitol St NE
64.37,Jefferson Dr & 14th St SW,14th & D St NW / Ronald Reagan Building
64.91,Jefferson Dr & 14th St SW,14th & D St NW / Ronald Reagan Building
26.57,Jefferson Dr & 14th St SW,4th & East Capitol St NE
26.86,Jefferson Dr & 14th St SW,4th & East Capitol St NE
11.93,Jefferson Dr & 14th St SW,Columbus Circle / Union Station
55.07,Jefferson Dr & 14th St SW,17th St & Independence Ave SW
55.85,Jefferson Dr & 14th St SW,17th St & Independence Ave SW
55.56,Jefferson Dr & 14th St SW,17th St & Independence Ave SW
56.44,Jefferson Dr & 14th St SW,17th St & Independence Ave SW
6.4,Jefferson Dr & 14th St SW,6th St & Indiana Ave NW
50.08,Lincoln Memorial,North Capitol St & F St NW
52.04,Jefferson Dr & 14th St SW,18th St & Pennsylvania Ave NW
51.63,Jefferson Dr & 14th St SW,18th St & Pennsylvania Ave NW
51.49,Jefferson Dr & 14th St SW,18th St & Pennsylvania Ave NW
12.09,Lincoln Memorial,Lincoln Memorial
11.74,Lincoln Memorial,Lincoln Memorial
4.81,Jefferson Dr & 14th St SW,Jefferson Memorial
56.33,Jefferson Dr & 14th St SW,18th St & Pennsylvania Ave NW
14.51,Lincoln Memorial,Independence Ave & L'Enfant Plaza SW/DOE
56.03,Jefferson Dr & 14th St SW,18th St & Pennsylvania Ave NW
16.51,Lincoln Memorial,Independence Ave & L'Enfant Plaza SW/DOE
16.01,Lincoln Memorial,Independence Ave & L'Enfant Plaza SW/DOE
15.19,Lincoln Memorial,Jefferson Memorial
14.63,Lincoln Memorial,Jefferson Memorial
17.79,Lincoln Memorial,4th St & Madison Dr NW
13.16,Jefferson Dr & 14th St SW,21st St & Pennsylvania Ave NW
26.25,Jefferson Dr & 14th St SW,Smithsonian-National Mall / Jefferson Dr & 12th St SW
25.92,Jefferson Dr & 14th St SW,Smithsonian-National Mall / Jefferson Dr & 12th St SW
25.66,Jefferson Dr & 14th St SW,Smithsonian-National Mall / Jefferson Dr & 12th St SW
26.59,Jefferson Dr & 14th St SW,Smithsonian-National Mall / Jefferson Dr & 12th St SW
7.86,Lincoln Memorial,Smithsonian-National Mall / Jefferson Dr & 12th St SW
49.35,Lincoln Memorial,Lincoln Memorial
49.62,Lincoln Memorial,Lincoln Memorial
51.49,Lincoln Memorial,Lincoln Memorial
52.74,Lincoln Memorial,Lincoln Memorial
72.63,Jefferson Dr & 14th St SW,Columbus Circle / Union Station
72.39,Jefferson Dr & 14th St SW,Columbus Circle / Union Station
43.44,Lincoln Memorial,14th & D St NW / Ronald Reagan Building
20.78,Lincoln Memorial,Jefferson Dr & 14th St SW
44.29,Lincoln Memorial,14th & D St NW / Ronald Reagan Building
37.13,Jefferson Dr & 14th St SW,14th St & New York Ave NW
10.45,Lincoln Memorial,34th & Water St NW
50.4,Lincoln Memorial,Jefferson Dr & 14th St SW
52.05,Lincoln Memorial,Jefferson Dr & 14th St SW
20.65,Jefferson Dr & 14th St SW,Lincoln Memorial
21.98,Jefferson Dr & 14th St SW,Lincoln Memorial
11.74,Jefferson Dr & 14th St SW,L'Enfant Plaza / 7th & C St SW
59.06,Lincoln Memorial,Jefferson Dr & 14th St SW
91.77,Lincoln Memorial,Washington & Independence Ave SW/HHS
16.18,Jefferson Dr & 14th St SW,2nd St & Massachusetts Ave NE
65.63,Jefferson Dr & 14th St SW,18th St & Pennsylvania Ave NW
1.64,Lincoln Memorial,Lincoln Memorial
73.76,Jefferson Dr & 14th St SW,18th St & Pennsylvania Ave NW
29.31,Lincoln Memorial,14th St & New York Ave NW
29.7,Lincoln Memorial,14th St & New York Ave NW
11.92,Jefferson Dr & 14th St SW,Columbus Circle / Union Station
30.96,Lincoln Memorial,Jefferson Dr & 14th St SW
15.81,Jefferson Dr & 14th St SW,Henry Bacon Dr & Lincoln Memorial Circle NW
105.09,Lincoln Memorial,10th & E St NW
20.9,Jefferson Dr & 14th St SW,Thomas Circle
20.79,Jefferson Dr & 14th St SW,Thomas Circle
116.17,Lincoln Memorial,10th & E St NW
116.89,Lincoln Memorial,10th & E St NW
33.41,Lincoln Memorial,13th St & New York Ave NW
56.24,Lincoln Memorial,10th & E St NW
36.06,Lincoln Memorial,13th St & New York Ave NW
34.62,Lincoln Memorial,New York Ave & 15th St NW
37.42,Lincoln Memorial,13th St & New York Ave NW
58.53,Lincoln Memorial,10th & E St NW
13.57,Jefferson Dr & 14th St SW,Lincoln Memorial
26.25,Lincoln Memorial,14th & G St NW
66.89,Lincoln Memorial,Lincoln Memorial
149,Lincoln Memorial,14th & G St NW
148.76,Lincoln Memorial,14th & G St NW
20.33,Jefferson Dr & 14th St SW,Lincoln Memorial
19.91,Jefferson Dr & 14th St SW,Lincoln Memorial
219.69,Jefferson Dr & 14th St SW,Jefferson Dr & 14th St SW
219.51,Jefferson Dr & 14th St SW,Jefferson Dr & 14th St SW
23.56,Jefferson Dr & 14th St SW,Massachusetts Ave & Dupont Circle NW
22.1,Jefferson Dr & 14th St SW,Massachusetts Ave & Dupont Circle NW
97.26,Jefferson Dr & 14th St SW,18th & C St NW
64.25,Jefferson Dr & 14th St SW,Constitution Ave & 2nd St NW/DOL
9.34,Jefferson Dr & 14th St SW,Washington & Independence Ave SW/HHS
54.11,Jefferson Dr & 14th St SW,7th & F St NW/Portrait Gallery
55.2,Jefferson Dr & 14th St SW,7th & F St NW/Portrait Gallery
61.81,Jefferson Dr & 14th St SW,7th & F St NW/Portrait Gallery
10.03,Jefferson Dr & 14th St SW,Jefferson Memorial
76.82,Jefferson Dr & 14th St SW,4th St & Madison Dr NW
78.48,Jefferson Dr & 14th St SW,4th St & Madison Dr NW
77.86,Jefferson Dr & 14th St SW,4th St & Madison Dr NW
141.15,Jefferson Dr & 14th St SW,4th & D St NW / Judiciary Square
144.01,Jefferson Dr & 14th St SW,4th & D St NW / Judiciary Square
16.64,Lincoln Memorial,10th St & Constitution Ave NW
112.89,Lincoln Memorial,Lincoln Memorial
42.54,Jefferson Dr & 14th St SW,Columbus Circle / Union Station
43.21,Jefferson Dr & 14th St SW,Columbus Circle / Union Station
19.36,Lincoln Memorial,Columbia Pike & S Orme St
27.39,Lincoln Memorial,Lincoln Memorial
27.91,Lincoln Memorial,Lincoln Memorial
18.03,Lincoln Memorial,Maryland & Independence Ave SW
5.57,Jefferson Dr & 14th St SW,Smithsonian-National Mall / Jefferson Dr & 12th St SW
6.14,Jefferson Dr & 14th St SW,Smithsonian-National Mall / Jefferson Dr & 12th St SW
36.22,Jefferson Dr & 14th St SW,Jefferson Dr & 14th St SW
38.36,Jefferson Dr & 14th St SW,Jefferson Dr & 14th St SW
36.54,Jefferson Dr & 14th St SW,Jefferson Dr & 14th St SW
38.9,Jefferson Dr & 14th St SW,Jefferson Dr & 14th St SW
39.37,Jefferson Dr & 14th St SW,Jefferson Dr & 14th St SW
11.88,Jefferson Dr & 14th St SW,Lincoln Memorial
11.73,Jefferson Dr & 14th St SW,Lincoln Memorial
21.71,Lincoln Memorial,Smithsonian-National Mall / Jefferson Dr & 12th St SW
21.73,Lincoln Memorial,Smithsonian-National Mall / Jefferson Dr & 12th St SW
16.99,Jefferson Dr & 14th St SW,Ohio Dr & West Basin Dr SW / MLK & FDR Memorials
30.89,Lincoln Memorial,8th & H St NW
30.81,Lincoln Memorial,8th & H St NW
46.52,Jefferson Dr & 14th St SW,Washington & Independence Ave SW/HHS
9.52,Jefferson Dr & 14th St SW,23rd & E St NW
26.26,Lincoln Memorial,Maryland & Independence Ave SW
1.62,Jefferson Dr & 14th St SW,Jefferson Dr & 14th St SW
37.01,Jefferson Dr & 14th St SW,23rd & Eads St
40.86,Jefferson Dr & 14th St SW,23rd & Eads St
24.07,Jefferson Dr & 14th St SW,1st & D St SE
27.83,Jefferson Dr & 14th St SW,1st & D St SE
27.59,Jefferson Dr & 14th St SW,1st & D St SE
9.1,Jefferson Dr & 14th St SW,3rd & H St NW
11.8,Lincoln Memorial,Washington & Independence Ave SW/HHS
19.51,Lincoln Memorial,Iwo Jima Memorial/N Meade & 14th St N
7.89,Jefferson Dr & 14th St SW,Constitution Ave & 2nd St NW/DOL
10.68,Jefferson Dr & 14th St SW,3rd & H St NW
15.87,Lincoln Memorial,North Capitol St & F St NW
8.51,Jefferson Dr & 14th St SW,18th St & Pennsylvania Ave NW
50.9,Lincoln Memorial,22nd St & Constitution Ave NW
7.47,Jefferson Dr & 14th St SW,Jefferson Memorial
8.32,Jefferson Dr & 14th St SW,Jefferson Memorial
20.66,Jefferson Dr & 14th St SW,Eastern Market Metro / Pennsylvania Ave & 7th St SE
12.27,Lincoln Memorial,Maryland & Independence Ave SW
13.79,Lincoln Memorial,L'Enfant Plaza / 7th & C St SW
13.86,Lincoln Memorial,Washington & Independence Ave SW/HHS
5.57,Jefferson Dr & 14th St SW,21st St & Constitution Ave NW
14.46,Lincoln Memorial,North Capitol St & F St NW
17.61,Lincoln Memorial,4th & D St NW / Judiciary Square
19.13,Lincoln Memorial,North Capitol St & G Pl NE
7.74,Lincoln Memorial,21st St & Pennsylvania Ave NW
30.95,Lincoln Memorial,4th St & Madison Dr NW
31.88,Lincoln Memorial,4th St & Madison Dr NW
32.35,Lincoln Memorial,Constitution Ave & 2nd St NW/DOL
32.38,Lincoln Memorial,Constitution Ave & 2nd St NW/DOL
17.91,Lincoln Memorial,Jefferson Memorial
21.49,Lincoln Memorial,17th St & Independence Ave SW
21.74,Lincoln Memorial,17th St & Independence Ave SW
18.89,Jefferson Dr & 14th St SW,15th & Crystal Dr
12.92,Jefferson Dr & 14th St SW,4th & E St SW
30.18,Jefferson Dr & 14th St SW,S Joyce & Army Navy Dr
16.22,Lincoln Memorial,Ohio Dr & West Basin Dr SW / MLK & FDR Memorials
23.2,Lincoln Memorial,4th St & Madison Dr NW
26.75,Lincoln Memorial,Jefferson Memorial
20.5,Lincoln Memorial,S Joyce & Army Navy Dr
27.63,Lincoln Memorial,Jefferson Memorial
27.3,Lincoln Memorial,Jefferson Memorial
28,Jefferson Dr & 14th St SW,16th & K St NW
17.85,Jefferson Dr & 14th St SW,Lincoln Memorial
17.78,Jefferson Dr & 14th St SW,Lincoln Memorial
18.02,Jefferson Dr & 14th St SW,Lincoln Memorial
16.38,Lincoln Memorial,Jefferson Memorial
15.9,Lincoln Memorial,Jefferson Memorial
15.43,Lincoln Memorial,Jefferson Memorial
17.11,Lincoln Memorial,Jefferson Memorial
16.75,Jefferson Dr & 14th St SW,1st & K St SE
17.55,Lincoln Memorial,Rosslyn Metro / Wilson Blvd & Ft Myer Dr
8.68,Jefferson Dr & 14th St SW,Lincoln Memorial
8.63,Jefferson Dr & 14th St SW,Lincoln Memorial
8.54,Jefferson Dr & 14th St SW,Lincoln Memorial
9.55,Jefferson Dr & 14th St SW,Lincoln Memorial
18.03,Jefferson Dr & 14th St SW,15th & P St NW
19.67,Lincoln Memorial,Pentagon City Metro / 12th & S Hayes St
3.29,Lincoln Memorial,Lincoln Memorial
17.85,Lincoln Memorial,14th & Rhode Island Ave NW
19.07,Lincoln Memorial,L'Enfant Plaza / 7th & C St SW
39.29,Lincoln Memorial,Columbus Circle / Union Station
10.37,Lincoln Memorial,Kennedy Center
9.99,Lincoln Memorial,Kennedy Center
39.41,Lincoln Memorial,Columbus Circle / Union Station
10.23,Lincoln Memorial,Iwo Jima Memorial/N Meade & 14th St N
10.14,Lincoln Memorial,Iwo Jima Memorial/N Meade & 14th St N
27.24,Jefferson Dr & 14th St SW,23rd & Crystal Dr
27.82,Lincoln Memorial,16th & Irving St NW
24.4,Jefferson Dr & 14th St SW,1st & H St NW
13.24,Jefferson Dr & 14th St SW,Maryland Ave & E St NE
14.44,Jefferson Dr & 14th St SW,Columbus Circle / Union Station
16.51,Jefferson Dr & 14th St SW,14th & V St NW
15.74,Lincoln Memorial,Lynn & 19th St North
14.86,Jefferson Dr & 14th St SW,4th & East Capitol St NE
22.75,Jefferson Dr & 14th St SW,12th & Army Navy Dr
12.79,Jefferson Dr & 14th St SW,Columbus Circle / Union Station
25.71,Lincoln Memorial,New York Ave & 15th St NW
26.13,Lincoln Memorial,New York Ave & 15th St NW
22.25,Lincoln Memorial,20th & Crystal Dr
24.3,Lincoln Memorial,Smithsonian-National Mall / Jefferson Dr & 12th St SW
25.75,Jefferson Dr & 14th St SW,Jefferson Dr & 14th St SW
25.56,Jefferson Dr & 14th St SW,Jefferson Dr & 14th St SW
44.05,Lincoln Memorial,Constitution Ave & 2nd St NW/DOL
43.74,Lincoln Memorial,Constitution Ave & 2nd St NW/DOL
17.4,Jefferson Dr & 14th St SW,15th & L St NW
8.13,Lincoln Memorial,Lincoln Memorial
11.21,Lincoln Memorial,Lincoln Memorial
12.7,Lincoln Memorial,Lincoln Memorial
22.83,Lincoln Memorial,Lincoln Memorial
16.53,Jefferson Dr & 14th St SW,8th & East Capitol St NE
25.04,Lincoln Memorial,Lincoln Memorial
25.51,Lincoln Memorial,Lincoln Memorial
26.48,Lincoln Memorial,Lincoln Memorial
27.7,Lincoln Memorial,Lincoln Memorial
12.01,Jefferson Dr & 14th St SW,Columbus Circle / Union Station
32.12,Jefferson Dr & 14th St SW,16th & K St NW
32.89,Jefferson Dr & 14th St SW,16th & K St NW
32.72,Jefferson Dr & 14th St SW,16th & K St NW
6.1,Jefferson Dr & 14th St SW,6th St & Indiana Ave NW
19.89,Jefferson Dr & 14th St SW,Lincoln Memorial
16.8,Lincoln Memorial,Iwo Jima Memorial/N Meade & 14th St N
18.11,Lincoln Memorial,Iwo Jima Memorial/N Meade & 14th St N
20,Jefferson Dr & 14th St SW,Lincoln Memorial
21.66,Jefferson Dr & 14th St SW,17th & G St NW
6.17,Lincoln Memorial,Ohio Dr & West Basin Dr SW / MLK & FDR Memorials
17.1,Jefferson Dr & 14th St SW,14th & D St NW / Ronald Reagan Building
17.69,Jefferson Dr & 14th St SW,14th & D St NW / Ronald Reagan Building
24.86,Jefferson Dr & 14th St SW,Metro Center / 12th & G St NW
29.69,Jefferson Dr & 14th St SW,Metro Center / 12th & G St NW
15.33,Lincoln Memorial,Ohio Dr & West Basin Dr SW / MLK & FDR Memorials
33.93,Jefferson Dr & 14th St SW,11th & F St NW
17.89,Lincoln Memorial,Ohio Dr & West Basin Dr SW / MLK & FDR Memorials
18.01,Lincoln Memorial,Ohio Dr & West Basin Dr SW / MLK & FDR Memorials
28,Lincoln Memorial,4th St & Madison Dr NW
26.87,Lincoln Memorial,4th St & Madison Dr NW
9.39,Jefferson Dr & 14th St SW,Lincoln Memorial
76.81,Jefferson Dr & 14th St SW,17th St & Independence Ave SW
157.18,Lincoln Memorial,Henry Bacon Dr & Lincoln Memorial Circle NW
158,Lincoln Memorial,Henry Bacon Dr & Lincoln Memorial Circle NW
123.75,Jefferson Dr & 14th St SW,10th & E St NW
124.18,Jefferson Dr & 14th St SW,M St & New Jersey Ave SE
124.46,Jefferson Dr & 14th St SW,M St & New Jersey Ave SE
117.96,Jefferson Dr & 14th St SW,New York Ave & 15th St NW
117.81,Jefferson Dr & 14th St SW,New York Ave & 15th St NW
127.7,Jefferson Dr & 14th St SW,10th & E St NW
129.07,Jefferson Dr & 14th St SW,10th & E St NW
14.09,Lincoln Memorial,Jefferson Memorial
13.55,Lincoln Memorial,Jefferson Memorial
17.06,Lincoln Memorial,4th St & Madison Dr NW
96.49,Jefferson Dr & 14th St SW,10th St & Constitution Ave NW
29.86,Lincoln Memorial,12th & L St NW
30.37,Lincoln Memorial,12th & L St NW
109.07,Jefferson Dr & 14th St SW,10th St & Constitution Ave NW
109.02,Jefferson Dr & 14th St SW,10th St & Constitution Ave NW
19.09,Lincoln Memorial,Jefferson Dr & 14th St SW
18.15,Jefferson Dr & 14th St SW,Jefferson Dr & 14th St SW
19.85,Lincoln Memorial,Jefferson Dr & 14th St SW
17.8,Jefferson Dr & 14th St SW,Jefferson Dr & 14th St SW
19.41,Lincoln Memorial,Jefferson Dr & 14th St SW
5.75,Jefferson Dr & 14th St SW,14th & G St NW
24.98,Lincoln Memorial,Iwo Jima Memorial/N Meade & 14th St N
25.25,Lincoln Memorial,Iwo Jima Memorial/N Meade & 14th St N
76.45,Jefferson Dr & 14th St SW,Smithsonian-National Mall / Jefferson Dr & 12th St SW
14.9,Lincoln Memorial,17th St & Independence Ave SW
59.88,Jefferson Dr & 14th St SW,Washington & Independence Ave SW/HHS
60.84,Jefferson Dr & 14th St SW,Washington & Independence Ave SW/HHS
62.21,Jefferson Dr & 14th St SW,Washington & Independence Ave SW/HHS
18.26,Lincoln Memorial,Wisconsin Ave & O St NW
61.71,Jefferson Dr & 14th St SW,Washington & Independence Ave SW/HHS
18.36,Lincoln Memorial,Wisconsin Ave & O St NW
7.93,Lincoln Memorial,Lincoln Memorial
25.27,Jefferson Dr & 14th St SW,17th St & Independence Ave SW
22.83,Lincoln Memorial,Wisconsin Ave & O St NW
26.46,Jefferson Dr & 14th St SW,17th St & Independence Ave SW
22.66,Lincoln Memorial,Wisconsin Ave & O St NW
26.31,Jefferson Dr & 14th St SW,17th St & Independence Ave SW
87.36,Jefferson Dr & 14th St SW,Smithsonian-National Mall / Jefferson Dr & 12th St SW
128.07,Jefferson Dr & 14th St SW,8th & D St NW
128.94,Jefferson Dr & 14th St SW,8th & D St NW
128.31,Jefferson Dr & 14th St SW,8th & D St NW
130.76,Jefferson Dr & 14th St SW,8th & D St NW
12.45,Jefferson Dr & 14th St SW,Columbus Circle / Union Station
80.2,Jefferson Dr & 14th St SW,17th St & Independence Ave SW
13.46,Jefferson Dr & 14th St SW,Maryland & Independence Ave SW
82.88,Jefferson Dr & 14th St SW,17th St & Independence Ave SW
8.06,Jefferson Dr & 14th St SW,8th & D St NW
11.55,Lincoln Memorial,Ohio Dr & West Basin Dr SW / MLK & FDR Memorials
34.64,Lincoln Memorial,Jefferson Dr & 14th St SW
46.05,Jefferson Dr & 14th St SW,4th St & Madison Dr NW
46.82,Jefferson Dr & 14th St SW,4th St & Madison Dr NW
30.08,Lincoln Memorial,4th St & Madison Dr NW
29.59,Lincoln Memorial,4th St & Madison Dr NW
21.89,Lincoln Memorial,17th St & Independence Ave SW
42.13,Jefferson Dr & 14th St SW,20th St & Florida Ave NW
42.47,Jefferson Dr & 14th St SW,20th St & Florida Ave NW
44.59,Jefferson Dr & 14th St SW,Jefferson Dr & 14th St SW
53.12,Lincoln Memorial,New Hampshire Ave & 24th St NW
44.89,Jefferson Dr & 14th St SW,Jefferson Dr & 14th St SW
29.66,Jefferson Dr & 14th St SW,Lincoln Memorial
31.66,Jefferson Dr & 14th St SW,Lincoln Memorial
63.1,Lincoln Memorial,11th & F St NW
62.97,Lincoln Memorial,11th & F St NW
55.34,Jefferson Dr & 14th St SW,Lincoln Memorial
56.64,Jefferson Dr & 14th St SW,Lincoln Memorial
100.78,Lincoln Memorial,Kennedy Center
100.79,Lincoln Memorial,Kennedy Center
44.01,Jefferson Dr & 14th St SW,17th St & Independence Ave SW
45.25,Jefferson Dr & 14th St SW,17th St & Independence Ave SW
26.01,Lincoln Memorial,Constitution Ave & 2nd St NW/DOL
25.28,Lincoln Memorial,Constitution Ave & 2nd St NW/DOL
22.77,Lincoln Memorial,Jefferson Dr & 14th St SW
22.84,Lincoln Memorial,Jefferson Dr & 14th St SW
40.22,Lincoln Memorial,10th St & Constitution Ave NW
40.45,Lincoln Memorial,10th St & Constitution Ave NW
79.87,Jefferson Dr & 14th St SW,Jefferson Dr & 14th St SW
79.47,Jefferson Dr & 14th St SW,Jefferson Dr & 14th St SW
82.28,Jefferson Dr & 14th St SW,Jefferson Dr & 14th St SW
81.71,Jefferson Dr & 14th St SW,Jefferson Dr & 14th St SW
39.69,Lincoln Memorial,Jefferson Memorial
39.47,Lincoln Memorial,Jefferson Memorial
25.85,Jefferson Dr & 14th St SW,5th & F St NW
25.51,Jefferson Dr & 14th St SW,5th & F St NW
233.31,Lincoln Memorial,18th St & Pennsylvania Ave NW
39.4,Lincoln Memorial,10th St & Constitution Ave NW
38.57,Lincoln Memorial,10th St & Constitution Ave NW
22.63,Lincoln Memorial,Iwo Jima Memorial/N Meade & 14th St N
123.33,Lincoln Memorial,Wisconsin Ave & O St NW
124.11,Lincoln Memorial,Wisconsin Ave & O St NW
126.53,Lincoln Memorial,Wisconsin Ave & O St NW
82.2,Lincoln Memorial,14th & D St NW / Ronald Reagan Building
24.18,Lincoln Memorial,14th & D St NW / Ronald Reagan Building
24.3,Lincoln Memorial,14th & D St NW / Ronald Reagan Building
31.44,Jefferson Dr & 14th St SW,Henry Bacon Dr & Lincoln Memorial Circle NW
31.59,Jefferson Dr & 14th St SW,Henry Bacon Dr & Lincoln Memorial Circle NW
11.77,Jefferson Dr & 14th St SW,Lincoln Memorial
12.35,Jefferson Dr & 14th St SW,Lincoln Memorial
23.61,Jefferson Dr & 14th St SW,10th & K St NW
15.68,Lincoln Memorial,4th St & Madison Dr NW
38.93,Lincoln Memorial,Jefferson Dr & 14th St SW
39.89,Lincoln Memorial,Jefferson Dr & 14th St SW
40.02,Lincoln Memorial,Jefferson Dr & 14th St SW
46.66,Jefferson Dr & 14th St SW,Maryland & Independence Ave SW
29.68,Jefferson Dr & 14th St SW,8th & H St NW
29.64,Jefferson Dr & 14th St SW,8th & H St NW
31.23,Jefferson Dr & 14th St SW,8th & H St NW
30.09,Jefferson Dr & 14th St SW,8th & H St NW
31.4,Jefferson Dr & 14th St SW,8th & H St NW
31.19,Jefferson Dr & 14th St SW,8th & H St NW
19.57,Lincoln Memorial,Jefferson Dr & 14th St SW
20.38,Lincoln Memorial,Jefferson Dr & 14th St SW
20.22,Lincoln Memorial,Jefferson Dr & 14th St SW
14.41,Lincoln Memorial,L'Enfant Plaza / 7th & C St SW
21.08,Lincoln Memorial,Jefferson Dr & 14th St SW
21.27,Lincoln Memorial,Jefferson Dr & 14th St SW
21.24,Lincoln Memorial,Jefferson Dr & 14th St SW
25.33,Lincoln Memorial,10th & G St NW
17.93,Lincoln Memorial,Iwo Jima Memorial/N Meade & 14th St N
16.14,Lincoln Memorial,N Lynn St & Fairfax Dr
6.25,Jefferson Dr & 14th St SW,17th & G St NW
8.48,Jefferson Dr & 14th St SW,Constitution Ave & 2nd St NW/DOL
8.93,Jefferson Dr & 14th St SW,Maryland & Independence Ave SW
15.98,Lincoln Memorial,Lynn & 19th St North
11.1,Lincoln Memorial,L'Enfant Plaza / 7th & C St SW
12.37,Jefferson Dr & 14th St SW,North Capitol St & F St NW
7.04,Jefferson Dr & 14th St SW,17th & G St NW
7.09,Jefferson Dr & 14th St SW,US Dept of State / Virginia Ave & 21st St NW
15.31,Lincoln Memorial,North Capitol St & F St NW
18.83,Lincoln Memorial,4th & M St SW
6.14,Jefferson Dr & 14th St SW,19th St & Constitution Ave NW
33.88,Jefferson Dr & 14th St SW,3rd St & Pennsylvania Ave SE
29.78,Jefferson Dr & 14th St SW,Henry Bacon Dr & Lincoln Memorial Circle NW
31.03,Jefferson Dr & 14th St SW,Henry Bacon Dr & Lincoln Memorial Circle NW
16.18,Jefferson Dr & 14th St SW,Lincoln Memorial
16.28,Jefferson Dr & 14th St SW,Lincoln Memorial
17.06,Jefferson Dr & 14th St SW,Lincoln Memorial
16.64,Jefferson Dr & 14th St SW,Lincoln Memorial
14.55,Lincoln Memorial,Jefferson Memorial
5.07,Lincoln Memorial,Ohio Dr & West Basin Dr SW / MLK & FDR Memorials
4.83,Lincoln Memorial,Ohio Dr & West Basin Dr SW / MLK & FDR Memorials
26.45,Lincoln Memorial,15th & P St NW
33.81,Lincoln Memorial,17th St & Independence Ave SW
27.96,Jefferson Dr & 14th St SW,Jefferson Dr & 14th St SW
33.39,Lincoln Memorial,17th St & Independence Ave SW
27.72,Jefferson Dr & 14th St SW,Jefferson Dr & 14th St SW
35.13,Lincoln Memorial,17th St & Independence Ave SW
34.89,Lincoln Memorial,17th St & Independence Ave SW
27.26,Jefferson Dr & 14th St SW,C & O Canal & Wisconsin Ave NW
27.57,Jefferson Dr & 14th St SW,C & O Canal & Wisconsin Ave NW
30.14,Jefferson Dr & 14th St SW,Eastern Market / 7th & North Carolina Ave SE
30.29,Jefferson Dr & 14th St SW,Eastern Market / 7th & North Carolina Ave SE
31.52,Jefferson Dr & 14th St SW,Eastern Market / 7th & North Carolina Ave SE
12.04,Jefferson Dr & 14th St SW,Lincoln Memorial
66.42,Lincoln Memorial,17th & G St NW
66.21,Lincoln Memorial,17th & G St NW
12.63,Jefferson Dr & 14th St SW,Lincoln Memorial
25.13,Jefferson Dr & 14th St SW,19th & E Street NW
16.83,Jefferson Dr & 14th St SW,10th & E St NW
37.34,Jefferson Dr & 14th St SW,Lincoln Memorial
37.59,Jefferson Dr & 14th St SW,6th St & Indiana Ave NW
37.72,Jefferson Dr & 14th St SW,6th St & Indiana Ave NW
19.7,Lincoln Memorial,4th & E St SW
24.65,Jefferson Dr & 14th St SW,8th & F St NE
24.4,Jefferson Dr & 14th St SW,8th & F St NE
45.44,Lincoln Memorial,14th & D St NW / Ronald Reagan Building
46.24,Lincoln Memorial,14th & D St NW / Ronald Reagan Building
22.49,Jefferson Dr & 14th St SW,Ohio Dr & West Basin Dr SW / MLK & FDR Memorials
19.82,Lincoln Memorial,18th & R St NW
28.29,Jefferson Dr & 14th St SW,Lynn & 19th St North
32.26,Lincoln Memorial,Hains Point/Buckeye & Ohio Dr SW
27.74,Lincoln Memorial,4th St & Madison Dr NW
27.24,Lincoln Memorial,Hains Point/Buckeye & Ohio Dr SW
23.1,Lincoln Memorial,Smithsonian-National Mall / Jefferson Dr & 12th St SW
15.23,Jefferson Dr & 14th St SW,Henry Bacon Dr & Lincoln Memorial Circle NW
15.64,Jefferson Dr & 14th St SW,Henry Bacon Dr & Lincoln Memorial Circle NW
19.1,Lincoln Memorial,N Lynn St & Fairfax Dr
18.67,Lincoln Memorial,N Lynn St & Fairfax Dr
18.66,Lincoln Memorial,N Lynn St & Fairfax Dr
19.59,Lincoln Memorial,N Lynn St & Fairfax Dr
13.59,Jefferson Dr & 14th St SW,New York Ave & 15th St NW
30.9,Jefferson Dr & 14th St SW,Henry Bacon Dr & Lincoln Memorial Circle NW
31.27,Jefferson Dr & 14th St SW,Henry Bacon Dr & Lincoln Memorial Circle NW
94.54,Jefferson Dr & 14th St SW,10th & G St NW
25.37,Lincoln Memorial,Jefferson Memorial
26.49,Lincoln Memorial,Jefferson Memorial
24.49,Lincoln Memorial,Jefferson Memorial
27.32,Lincoln Memorial,Jefferson Memorial
7.51,Lincoln Memorial,Ohio Dr & West Basin Dr SW / MLK & FDR Memorials
39.12,Jefferson Dr & 14th St SW,Ohio Dr & West Basin Dr SW / MLK & FDR Memorials
15.85,Jefferson Dr & 14th St SW,1st & N St  SE
7.22,Jefferson Dr & 14th St SW,Jefferson Memorial
136.49,Jefferson Dr & 14th St SW,15th & L St NW
6.39,Lincoln Memorial,Ohio Dr & West Basin Dr SW / MLK & FDR Memorials
7.24,Lincoln Memorial,Ohio Dr & West Basin Dr SW / MLK & FDR Memorials
6.73,Lincoln Memorial,Ohio Dr & West Basin Dr SW / MLK & FDR Memorials
7.45,Lincoln Memorial,Ohio Dr & West Basin Dr SW / MLK & FDR Memorials
33.31,Lincoln Memorial,Ohio Dr & West Basin Dr SW / MLK & FDR Memorials
49.06,Jefferson Dr & 14th St SW,5th & K St NW
49.09,Jefferson Dr & 14th St SW,5th & K St NW
21.16,Lincoln Memorial,Jefferson Memorial
25.53,Lincoln Memorial,Jefferson Memorial
8.59,Jefferson Dr & 14th St SW,15th & L St NW
8.36,Jefferson Dr & 14th St SW,15th & L St NW
15.25,Lincoln Memorial,Georgetown Harbor / 30th St NW
15.3,Lincoln Memorial,Georgetown Harbor / 30th St NW
44.99,Jefferson Dr & 14th St SW,M St & New Jersey Ave SE
30.55,Lincoln Memorial,Jefferson Dr & 14th St SW
44.92,Jefferson Dr & 14th St SW,M St & New Jersey Ave SE
24.48,Jefferson Dr & 14th St SW,New York Ave & 15th St NW
27.79,Jefferson Dr & 14th St SW,New York Ave & 15th St NW
17.57,Lincoln Memorial,4th St & Madison Dr NW
20.19,Jefferson Dr & 14th St SW,5th & F St NW
19.44,Lincoln Memorial,4th St & Madison Dr NW
29.09,Jefferson Dr & 14th St SW,New York Ave & 15th St NW
19.14,Lincoln Memorial,4th St & Madison Dr NW
6.39,Lincoln Memorial,Lincoln Memorial
37.76,Lincoln Memorial,Jefferson Dr & 14th St SW
8.59,Lincoln Memorial,New Hampshire Ave & 24th St NW
24.61,Jefferson Dr & 14th St SW,Lincoln Memorial
25.36,Jefferson Dr & 14th St SW,Lincoln Memorial
26.71,Jefferson Dr & 14th St SW,Lincoln Memorial
27.23,Jefferson Dr & 14th St SW,Lincoln Memorial
22.14,Lincoln Memorial,Constitution Ave & 2nd St NW/DOL
24.03,Lincoln Memorial,Constitution Ave & 2nd St NW/DOL
23.93,Lincoln Memorial,Constitution Ave & 2nd St NW/DOL
25.02,Lincoln Memorial,Constitution Ave & 2nd St NW/DOL
24.79,Lincoln Memorial,Constitution Ave & 2nd St NW/DOL
25.44,Lincoln Memorial,Constitution Ave & 2nd St NW/DOL
25.5,Lincoln Memorial,Constitution Ave & 2nd St NW/DOL
24.47,Lincoln Memorial,10th St & Constitution Ave NW
24.22,Lincoln Memorial,10th St & Constitution Ave NW
14.15,Jefferson Dr & 14th St SW,4th & M St SW
12.23,Jefferson Dr & 14th St SW,4th St & Madison Dr NW
42.13,Jefferson Dr & 14th St SW,Ohio Dr & West Basin Dr SW / MLK & FDR Memorials
42.57,Jefferson Dr & 14th St SW,Ohio Dr & West Basin Dr SW / MLK & FDR Memorials
42.33,Jefferson Dr & 14th St SW,Ohio Dr & West Basin Dr SW / MLK & FDR Memorials
245.45,Jefferson Dr & 14th St SW,Independence Ave & L'Enfant Plaza SW/DOE
246.07,Jefferson Dr & 14th St SW,Independence Ave & L'Enfant Plaza SW/DOE
19.35,Lincoln Memorial,Iwo Jima Memorial/N Meade & 14th St N
19.33,Lincoln Memorial,Iwo Jima Memorial/N Meade & 14th St N
248.3,Jefferson Dr & 14th St SW,Independence Ave & L'Enfant Plaza SW/DOE
249.2,Jefferson Dr & 14th St SW,Independence Ave & L'Enfant Plaza SW/DOE
11.59,Jefferson Dr & 14th St SW,Maryland & Independence Ave SW
24.46,Lincoln Memorial,Columbus Circle / Union Station
15.99,Lincoln Memorial,Jefferson Memorial
20.08,Jefferson Dr & 14th St SW,Washington & Independence Ave SW/HHS
31.32,Jefferson Dr & 14th St SW,14th & D St NW / Ronald Reagan Building
248.55,Jefferson Dr & 14th St SW,Henry Bacon Dr & Lincoln Memorial Circle NW
248.07,Jefferson Dr & 14th St SW,Henry Bacon Dr & Lincoln Memorial Circle NW
15.85,Lincoln Memorial,6th & Water St SW / SW Waterfront
22.38,Lincoln Memorial,15th & Crystal Dr
60.37,Lincoln Memorial,4th St & Madison Dr NW
59.6,Lincoln Memorial,4th St & Madison Dr NW
6.83,Lincoln Memorial,Ohio Dr & West Basin Dr SW / MLK & FDR Memorials
28.47,Lincoln Memorial,18th St & Pennsylvania Ave NW
28.71,Lincoln Memorial,18th St & Pennsylvania Ave NW
21.71,Jefferson Dr & 14th St SW,5th St & Massachusetts Ave NW
33.13,Lincoln Memorial,Smithsonian-National Mall / Jefferson Dr & 12th St SW
80.74,Lincoln Memorial,M St & Pennsylvania Ave NW
21.86,Jefferson Dr & 14th St SW,5th St & Massachusetts Ave NW
32.83,Lincoln Memorial,Smithsonian-National Mall / Jefferson Dr & 12th St SW
79.94,Lincoln Memorial,M St & Pennsylvania Ave NW
33.57,Lincoln Memorial,Smithsonian-National Mall / Jefferson Dr & 12th St SW
6.71,Jefferson Dr & 14th St SW,Maryland & Independence Ave SW
27.6,Lincoln Memorial,Eastern Market / 7th & North Carolina Ave SE
72.84,Lincoln Memorial,10th & E St NW
48.04,Lincoln Memorial,Jefferson Memorial
73.23,Lincoln Memorial,10th & E St NW
57.64,Jefferson Dr & 14th St SW,Maryland & Independence Ave SW
15.08,Lincoln Memorial,New York Ave & 15th St NW
31.42,Lincoln Memorial,Jefferson Memorial
30.82,Lincoln Memorial,Jefferson Memorial
22.83,Lincoln Memorial,New York Ave & 15th St NW
26.93,Jefferson Dr & 14th St SW,3rd & H St NE
26.46,Jefferson Dr & 14th St SW,3rd & H St NE
9.66,Jefferson Dr & 14th St SW,4th St & Madison Dr NW
11.81,Jefferson Dr & 14th St SW,4th St & Madison Dr NW
7,Jefferson Dr & 14th St SW,4th & E St SW
19.37,Lincoln Memorial,Eastern Market Metro / Pennsylvania Ave & 7th St SE
21.89,Jefferson Dr & 14th St SW,M St & Delaware Ave NE
6.98,Jefferson Dr & 14th St SW,14th & G St NW
7.62,Jefferson Dr & 14th St SW,Maryland & Independence Ave SW
51.06,Lincoln Memorial,Jefferson Memorial
22,Lincoln Memorial,Ohio Dr & West Basin Dr SW / MLK & FDR Memorials
58.13,Lincoln Memorial,Jefferson Dr & 14th St SW
58.43,Lincoln Memorial,Jefferson Dr & 14th St SW
120.53,Lincoln Memorial,Maryland & Independence Ave SW
4.12,Lincoln Memorial,17th St & Independence Ave SW
124.63,Lincoln Memorial,Maryland & Independence Ave SW
15.92,Jefferson Dr & 14th St SW,2nd & G St NE
9.85,Jefferson Dr & 14th St SW,10th & E St NW
6.16,Jefferson Dr & 14th St SW,Lincoln Memorial
13.65,Lincoln Memorial,14th & L St NW
22.49,Jefferson Dr & 14th St SW,Constitution Ave & 2nd St NW/DOL
25.54,Jefferson Dr & 14th St SW,Constitution Ave & 2nd St NW/DOL
17.65,Lincoln Memorial,17th St & Independence Ave SW
17.34,Lincoln Memorial,17th St & Independence Ave SW
41.43,Jefferson Dr & 14th St SW,Henry Bacon Dr & Lincoln Memorial Circle NW
42.89,Jefferson Dr & 14th St SW,Henry Bacon Dr & Lincoln Memorial Circle NW
46.35,Jefferson Dr & 14th St SW,Henry Bacon Dr & Lincoln Memorial Circle NW
47.74,Jefferson Dr & 14th St SW,Henry Bacon Dr & Lincoln Memorial Circle NW
43.83,Jefferson Dr & 14th St SW,Jefferson Dr & 14th St SW
28.38,Jefferson Dr & 14th St SW,North Capitol St & F St NW
29.23,Jefferson Dr & 14th St SW,North Capitol St & F St NW
29.62,Jefferson Dr & 14th St SW,North Capitol St & F St NW
25.04,Lincoln Memorial,Jefferson Dr & 14th St SW
24.76,Lincoln Memorial,Jefferson Dr & 14th St SW
26.04,Lincoln Memorial,Jefferson Dr & 14th St SW
21.6,Lincoln Memorial,Jefferson Memorial
21.65,Lincoln Memorial,Jefferson Memorial
23.33,Lincoln Memorial,Jefferson Memorial
22.82,Lincoln Memorial,Jefferson Memorial
25.06,Jefferson Dr & 14th St SW,Columbus Circle / Union Station
24.83,Jefferson Dr & 14th St SW,Columbus Circle / Union Station
16.49,Lincoln Memorial,17th & G St NW
14.31,Lincoln Memorial,Independence Ave & L'Enfant Plaza SW/DOE
8.66,Lincoln Memorial,Ohio Dr & West Basin Dr SW / MLK & FDR Memorials
27.68,Lincoln Memorial,4th St & Madison Dr NW
27.5,Lincoln Memorial,4th St & Madison Dr NW
27.29,Lincoln Memorial,4th St & Madison Dr NW
27.57,Lincoln Memorial,4th St & Madison Dr NW
33.46,Lincoln Memorial,California St & Florida Ave NW
12.08,Jefferson Dr & 14th St SW,Lincoln Memorial
23.74,Jefferson Dr & 14th St SW,Georgia & New Hampshire Ave NW
73.27,Lincoln Memorial,New York Ave & 15th St NW
17.82,Lincoln Memorial,25th St & Pennsylvania Ave NW
17.75,Lincoln Memorial,25th St & Pennsylvania Ave NW
17.89,Lincoln Memorial,25th St & Pennsylvania Ave NW
17.83,Lincoln Memorial,25th St & Pennsylvania Ave NW
30.88,Jefferson Dr & 14th St SW,14th & G St NW
18.79,Jefferson Dr & 14th St SW,14th St & New York Ave NW
18.59,Jefferson Dr & 14th St SW,14th St & New York Ave NW
21.79,Jefferson Dr & 14th St SW,14th St & New York Ave NW
90.51,Jefferson Dr & 14th St SW,3rd & H St NE
90.5,Jefferson Dr & 14th St SW,3rd & H St NE
14.85,Jefferson Dr & 14th St SW,Iwo Jima Memorial/N Meade & 14th St N
15.06,Jefferson Dr & 14th St SW,Iwo Jima Memorial/N Meade & 14th St N
44.03,Lincoln Memorial,Hains Point/Buckeye & Ohio Dr SW
54.05,Lincoln Memorial,14th & D St NW / Ronald Reagan Building
53.9,Lincoln Memorial,14th & D St NW / Ronald Reagan Building
13.36,Lincoln Memorial,17th & G St NW
13.11,Lincoln Memorial,17th & G St NW
14.16,Lincoln Memorial,17th & G St NW
13.89,Lincoln Memorial,17th & G St NW
27.49,Lincoln Memorial,Jefferson Dr & 14th St SW
26.86,Lincoln Memorial,Jefferson Dr & 14th St SW
64.54,Lincoln Memorial,Maryland & Independence Ave SW
64.7,Lincoln Memorial,Maryland & Independence Ave SW
15.24,Jefferson Dr & 14th St SW,Jefferson Memorial
15.28,Jefferson Dr & 14th St SW,Jefferson Memorial
118.09,Jefferson Dr & 14th St SW,Jefferson Dr & 14th St SW
118.06,Jefferson Dr & 14th St SW,Jefferson Dr & 14th St SW
19.58,Lincoln Memorial,Jefferson Memorial
19.21,Lincoln Memorial,Jefferson Memorial
83.8,Jefferson Dr & 14th St SW,14th St & New York Ave NW
78.35,Jefferson Dr & 14th St SW,New York Ave & 15th St NW
82.51,Jefferson Dr & 14th St SW,New York Ave & 15th St NW
78.8,Jefferson Dr & 14th St SW,New York Ave & 15th St NW
80.91,Jefferson Dr & 14th St SW,New York Ave & 15th St NW
80.44,Jefferson Dr & 14th St SW,New York Ave & 15th St NW
17.23,Lincoln Memorial,Jefferson Memorial
17.13,Lincoln Memorial,Jefferson Memorial
81.42,Lincoln Memorial,Lincoln Memorial
81.66,Lincoln Memorial,Lincoln Memorial
32.41,Jefferson Dr & 14th St SW,20th St & Florida Ave NW
16.85,Jefferson Dr & 14th St SW,20th & O St NW / Dupont South
33.65,Jefferson Dr & 14th St SW,20th St & Florida Ave NW
20.81,Lincoln Memorial,Jefferson Memorial
20.3,Lincoln Memorial,Jefferson Memorial
22.2,Lincoln Memorial,Jefferson Memorial
89.71,Lincoln Memorial,17th & G St NW
90.57,Lincoln Memorial,17th & G St NW
26.92,Lincoln Memorial,Jefferson Memorial
27.82,Lincoln Memorial,Jefferson Memorial
27.07,Lincoln Memorial,Jefferson Memorial
19.85,Jefferson Dr & 14th St SW,4th St & Madison Dr NW
29.11,Lincoln Memorial,Jefferson Memorial
22,Jefferson Dr & 14th St SW,4th St & Madison Dr NW
10.78,Jefferson Dr & 14th St SW,Jefferson Memorial
10.5,Jefferson Dr & 14th St SW,Jefferson Memorial
36.03,Lincoln Memorial,Smithsonian-National Mall / Jefferson Dr & 12th St SW
13.86,Jefferson Dr & 14th St SW,Jefferson Memorial
13.54,Jefferson Dr & 14th St SW,Jefferson Memorial
29.58,Lincoln Memorial,4th St & Madison Dr NW
29.63,Lincoln Memorial,4th St & Madison Dr NW
30.14,Lincoln Memorial,4th St & Madison Dr NW
62.03,Jefferson Dr & 14th St SW,Jefferson Dr & 14th St SW
61.88,Jefferson Dr & 14th St SW,Jefferson Dr & 14th St SW
69.23,Lincoln Memorial,Iwo Jima Memorial/N Meade & 14th St N
68.69,Lincoln Memorial,Iwo Jima Memorial/N Meade & 14th St N
7.44,Jefferson Dr & 14th St SW,Jefferson Memorial
44.17,Jefferson Dr & 14th St SW,8th & D St NW
43.98,Jefferson Dr & 14th St SW,8th & D St NW
24.25,Lincoln Memorial,2nd & G St NE
48.76,Jefferson Dr & 14th St SW,8th & D St NW
48.63,Jefferson Dr & 14th St SW,8th & D St NW
58.2,Jefferson Dr & 14th St SW,Maryland & Independence Ave SW
60.31,Jefferson Dr & 14th St SW,Maryland & Independence Ave SW
15.81,Jefferson Dr & 14th St SW,17th & G St NW
15.54,Jefferson Dr & 14th St SW,17th & G St NW
17.04,Jefferson Dr & 14th St SW,17th & G St NW
16.26,Jefferson Dr & 14th St SW,17th & G St NW
21.43,Lincoln Memorial,Jefferson Dr & 14th St SW
43.67,Jefferson Dr & 14th St SW,Lincoln Memorial
42.97,Jefferson Dr & 14th St SW,Lincoln Memorial
44.48,Jefferson Dr & 14th St SW,Lincoln Memorial
10.13,Jefferson Dr & 14th St SW,Jefferson Memorial
10.54,Jefferson Dr & 14th St SW,Jefferson Memorial
41.67,Jefferson Dr & 14th St SW,17th St & Independence Ave SW
42.66,Jefferson Dr & 14th St SW,17th St & Independence Ave SW
45.36,Jefferson Dr & 14th St SW,17th St & Independence Ave SW
45.69,Jefferson Dr & 14th St SW,17th St & Independence Ave SW
36.4,Lincoln Memorial,Jefferson Memorial
35.92,Lincoln Memorial,Jefferson Memorial
26.95,Jefferson Dr & 14th St SW,Constitution Ave & 2nd St NW/DOL
30.72,Lincoln Memorial,Wisconsin Ave & O St NW
30.34,Lincoln Memorial,Wisconsin Ave & O St NW
23.43,Jefferson Dr & 14th St SW,Jefferson Dr & 14th St SW
13.09,Jefferson Dr & 14th St SW,New York Ave & 15th St NW
12.47,Lincoln Memorial,Jefferson Dr & 14th St SW
12.31,Lincoln Memorial,Jefferson Dr & 14th St SW
14.08,Lincoln Memorial,Jefferson Dr & 14th St SW
14.03,Lincoln Memorial,Jefferson Dr & 14th St SW
80.4,Lincoln Memorial,Washington & Independence Ave SW/HHS
12.59,Jefferson Dr & 14th St SW,5th St & Massachusetts Ave NW
19.34,Jefferson Dr & 14th St SW,New York Ave & 15th St NW
16.23,Jefferson Dr & 14th St SW,Jefferson Dr & 14th St SW
22.65,Jefferson Dr & 14th St SW,New York Ave & 15th St NW
21.92,Lincoln Memorial,Maryland & Independence Ave SW
21.87,Lincoln Memorial,Maryland & Independence Ave SW
28.88,Jefferson Dr & 14th St SW,Jefferson Memorial
33.69,Jefferson Dr & 14th St SW,Ohio Dr & West Basin Dr SW / MLK & FDR Memorials
33.56,Jefferson Dr & 14th St SW,Ohio Dr & West Basin Dr SW / MLK & FDR Memorials
44.93,Lincoln Memorial,Eastern Market Metro / Pennsylvania Ave & 7th St SE
45.58,Lincoln Memorial,Eastern Market Metro / Pennsylvania Ave & 7th St SE
29.21,Jefferson Dr & 14th St SW,Henry Bacon Dr & Lincoln Memorial Circle NW
19.51,Lincoln Memorial,Iwo Jima Memorial/N Meade & 14th St N
78.62,Jefferson Dr & 14th St SW,Henry Bacon Dr & Lincoln Memorial Circle NW
31.09,Lincoln Memorial,Washington & Independence Ave SW/HHS
30.81,Lincoln Memorial,Washington & Independence Ave SW/HHS
6.88,Jefferson Dr & 14th St SW,Constitution Ave & 2nd St NW/DOL
24.28,Jefferson Dr & 14th St SW,8th & H St NW
24.17,Jefferson Dr & 14th St SW,8th & H St NW
24.25,Lincoln Memorial,Maryland & Independence Ave SW
24.02,Lincoln Memorial,Maryland & Independence Ave SW
62.29,Lincoln Memorial,4th & East Capitol St NE
70.95,Lincoln Memorial,Maryland & Independence Ave SW
33.36,Lincoln Memorial,4th St & Madison Dr NW
176.65,Lincoln Memorial,10th St & Constitution Ave NW
11.62,Jefferson Dr & 14th St SW,10th & G St NW
76.87,Lincoln Memorial,L'Enfant Plaza / 7th & C St SW
84.6,Lincoln Memorial,Lincoln Park / 13th & East Capitol St NE
12.74,Jefferson Dr & 14th St SW,New York Ave & 15th St NW
84.98,Lincoln Memorial,Lincoln Park / 13th & East Capitol St NE
21.36,Lincoln Memorial,1st & K St SE
119.73,Jefferson Dr & 14th St SW,New York Ave & 15th St NW
119.91,Jefferson Dr & 14th St SW,New York Ave & 15th St NW
133.78,Lincoln Memorial,Lincoln Memorial
26.81,Jefferson Dr & 14th St SW,New Hampshire Ave & T St NW
9.42,Jefferson Dr & 14th St SW,Jefferson Dr & 14th St SW
11.67,Lincoln Memorial,Lincoln Memorial
34.35,Jefferson Dr & 14th St SW,Georgetown Harbor / 30th St NW
16.61,Lincoln Memorial,M St & Pennsylvania Ave NW
16.55,Lincoln Memorial,M St & Pennsylvania Ave NW
16.44,Lincoln Memorial,M St & Pennsylvania Ave NW
16.13,Lincoln Memorial,M St & Pennsylvania Ave NW
20.08,Jefferson Dr & 14th St SW,Washington & Independence Ave SW/HHS
19.83,Jefferson Dr & 14th St SW,Washington & Independence Ave SW/HHS
15.26,Lincoln Memorial,Smithsonian-National Mall / Jefferson Dr & 12th St SW
33.25,Jefferson Dr & 14th St SW,14th & G St NW
35.18,Jefferson Dr & 14th St SW,14th & G St NW
24.61,Jefferson Dr & 14th St SW,Jefferson Dr & 14th St SW
24.38,Jefferson Dr & 14th St SW,Jefferson Dr & 14th St SW
23.63,Lincoln Memorial,19th St & Constitution Ave NW
50.31,Jefferson Dr & 14th St SW,17th St & Massachusetts Ave NW
49.73,Jefferson Dr & 14th St SW,17th St & Massachusetts Ave NW
19.34,Lincoln Memorial,Jefferson Memorial
14.59,Jefferson Dr & 14th St SW,18th & M St NW
17.94,Lincoln Memorial,Lynn & 19th St North
11.99,Jefferson Dr & 14th St SW,Lincoln Memorial
12.04,Jefferson Dr & 14th St SW,Columbus Circle / Union Station
5.04,Jefferson Dr & 14th St SW,Smithsonian-National Mall / Jefferson Dr & 12th St SW
4.71,Jefferson Dr & 14th St SW,Smithsonian-National Mall / Jefferson Dr & 12th St SW
5.95,Jefferson Dr & 14th St SW,Smithsonian-National Mall / Jefferson Dr & 12th St SW
12.96,Jefferson Dr & 14th St SW,5th & K St NW
5.18,Jefferson Dr & 14th St SW,Hains Point/Buckeye & Ohio Dr SW
12.09,Jefferson Dr & 14th St SW,17th & G St NW
12.08,Jefferson Dr & 14th St SW,17th & G St NW
18.98,Jefferson Dr & 14th St SW,17th & G St NW
14.36,Jefferson Dr & 14th St SW,7th & F St NW/Portrait Gallery
14.01,Jefferson Dr & 14th St SW,7th & F St NW/Portrait Gallery
12.87,Jefferson Dr & 14th St SW,Lincoln Memorial
12.56,Jefferson Dr & 14th St SW,Lincoln Memorial
64.89,Lincoln Memorial,Eastern Market Metro / Pennsylvania Ave & 7th St SE
35.71,Lincoln Memorial,34th & Water St NW
16.3,Jefferson Dr & 14th St SW,2nd St & Massachusetts Ave NE
12.72,Jefferson Dr & 14th St SW,8th & East Capitol St NE
10.5,Jefferson Dr & 14th St SW,New York Ave & 15th St NW
11.34,Jefferson Dr & 14th St SW,New York Ave & 15th St NW
11.55,Jefferson Dr & 14th St SW,New York Ave & 15th St NW
11.76,Jefferson Dr & 14th St SW,New York Ave & 15th St NW
5.19,Jefferson Dr & 14th St SW,Jefferson Dr & 14th St SW
3.19,Jefferson Dr & 14th St SW,Jefferson Dr & 14th St SW
1.84,Jefferson Dr & 14th St SW,Jefferson Dr & 14th St SW
1.89,Jefferson Dr & 14th St SW,Jefferson Dr & 14th St SW
18.41,Lincoln Memorial,Constitution Ave & 2nd St NW/DOL
38.59,Jefferson Dr & 14th St SW,Georgetown Harbor / 30th St NW
20,Lincoln Memorial,Constitution Ave & 2nd St NW/DOL
21.19,Lincoln Memorial,Constitution Ave & 2nd St NW/DOL
38.88,Jefferson Dr & 14th St SW,Georgetown Harbor / 30th St NW
14.18,Jefferson Dr & 14th St SW,Maryland & Independence Ave SW
14.33,Jefferson Dr & 14th St SW,Maryland & Independence Ave SW
12.48,Jefferson Dr & 14th St SW,Columbus Circle / Union Station
11.07,Lincoln Memorial,23rd & E St NW
2.78,Lincoln Memorial,Ohio Dr & West Basin Dr SW / MLK & FDR Memorials
2.76,Lincoln Memorial,Ohio Dr & West Basin Dr SW / MLK & FDR Memorials
11.87,Lincoln Memorial,23rd & E St NW
21.33,Jefferson Dr & 14th St SW,20th & O St NW / Dupont South
23.04,Lincoln Memorial,Smithsonian-National Mall / Jefferson Dr & 12th St SW
18.06,Jefferson Dr & 14th St SW,1st & H St NW
17.09,Jefferson Dr & 14th St SW,Maryland & Independence Ave SW
17.85,Jefferson Dr & 14th St SW,Maryland & Independence Ave SW
17.55,Jefferson Dr & 14th St SW,Maryland & Independence Ave SW
11.62,Jefferson Dr & 14th St SW,Maryland & Independence Ave SW
11.48,Jefferson Dr & 14th St SW,Maryland & Independence Ave SW
11.12,Jefferson Dr & 14th St SW,4th & East Capitol St NE
7.52,Jefferson Dr & 14th St SW,Hains Point/Buckeye & Ohio Dr SW
34.15,Jefferson Dr & 14th St SW,4th St & Madison Dr NW
34.25,Jefferson Dr & 14th St SW,4th St & Madison Dr NW
26.93,Lincoln Memorial,Ohio Dr & West Basin Dr SW / MLK & FDR Memorials
27.19,Lincoln Memorial,Ohio Dr & West Basin Dr SW / MLK & FDR Memorials
21.65,Lincoln Memorial,Lincoln Memorial
21.88,Lincoln Memorial,Lincoln Memorial
25.45,Lincoln Memorial,Jefferson Dr & 14th St SW
25.4,Lincoln Memorial,Jefferson Dr & 14th St SW
28.02,Jefferson Dr & 14th St SW,10th & E St NW
29.29,Jefferson Dr & 14th St SW,10th & E St NW
18.41,Lincoln Memorial,19th St & Constitution Ave NW
50.97,Lincoln Memorial,Henry Bacon Dr & Lincoln Memorial Circle NW
51.2,Lincoln Memorial,Henry Bacon Dr & Lincoln Memorial Circle NW
19.31,Lincoln Memorial,Iwo Jima Memorial/N Meade & 14th St N
10.42,Jefferson Dr & 14th St SW,Jefferson Memorial
10.42,Jefferson Dr & 14th St SW,Jefferson Memorial
10.25,Jefferson Dr & 14th St SW,Jefferson Memorial
4.36,Jefferson Dr & 14th St SW,10th St & L'Enfant Plaza SW
15.16,Lincoln Memorial,Lynn & 19th St North
5.64,Jefferson Dr & 14th St SW,21st St & Constitution Ave NW
6.71,Jefferson Dr & 14th St SW,4th St & Madison Dr NW
16.95,Lincoln Memorial,4th & D St NW / Judiciary Square
5.09,Jefferson Dr & 14th St SW,19th St & Constitution Ave NW
4.22,Lincoln Memorial,22nd St & Constitution Ave NW
19.06,Lincoln Memorial,North Capitol St & G Pl NE
24.21,Lincoln Memorial,S Joyce & 16th St S
9.75,Lincoln Memorial,Iwo Jima Memorial/N Meade & 14th St N
23.71,Lincoln Memorial,New Jersey Ave & R St NW
16.02,Jefferson Dr & 14th St SW,Eastern Market Metro / Pennsylvania Ave & 7th St SE
10.67,Jefferson Dr & 14th St SW,4th & M St SW
23.04,Jefferson Dr & 14th St SW,15th & Crystal Dr
17.25,Lincoln Memorial,17th St & Independence Ave SW
16.96,Lincoln Memorial,17th St & Independence Ave SW
17.42,Lincoln Memorial,17th St & Independence Ave SW
10.95,Lincoln Memorial,22nd & I St NW / Foggy Bottom
7.2,Jefferson Dr & 14th St SW,8th & D St NW
130.15,Jefferson Dr & 14th St SW,17th St & Independence Ave SW
18.85,Lincoln Memorial,18th St & Pennsylvania Ave NW
132.17,Jefferson Dr & 14th St SW,17th St & Independence Ave SW
4.99,Jefferson Dr & 14th St SW,L'Enfant Plaza / 7th & C St SW
26.61,Lincoln Memorial,19th & G St NW
27.57,Lincoln Memorial,19th & G St NW
25.06,Jefferson Dr & 14th St SW,Columbia Pike & S Orme St
34.41,Jefferson Dr & 14th St SW,Smithsonian-National Mall / Jefferson Dr & 12th St SW
70.02,Jefferson Dr & 14th St SW,14th St & New York Ave NW
69.61,Jefferson Dr & 14th St SW,14th St & New York Ave NW
31.26,Jefferson Dr & 14th St SW,14th & Rhode Island Ave NW
5.1,Jefferson Dr & 14th St SW,17th St & Independence Ave SW
14.65,Jefferson Dr & 14th St SW,Lincoln Memorial
15.01,Lincoln Memorial,Iwo Jima Memorial/N Meade & 14th St N
15.8,Jefferson Dr & 14th St SW,Lincoln Memorial
17.46,Jefferson Dr & 14th St SW,Lincoln Memorial
8.72,Jefferson Dr & 14th St SW,17th St & Independence Ave SW
12.26,Lincoln Memorial,14th & G St NW
9.64,Jefferson Dr & 14th St SW,17th St & Independence Ave SW
11.99,Jefferson Dr & 14th St SW,Eastern Market Metro / Pennsylvania Ave & 7th St SE
11.17,Jefferson Dr & 14th St SW,Lincoln Memorial
12.07,Jefferson Dr & 14th St SW,1st & D St SE
14.7,Jefferson Dr & 14th St SW,2nd & G St NE
13.9,Lincoln Memorial,Rosslyn Metro / Wilson Blvd & Ft Myer Dr
20.25,Jefferson Dr & 14th St SW,20th & E St NW
26.1,Jefferson Dr & 14th St SW,Lincoln Memorial
15.25,Jefferson Dr & 14th St SW,8th & East Capitol St NE
12.56,Jefferson Dr & 14th St SW,Columbus Circle / Union Station
26.76,Jefferson Dr & 14th St SW,Lincoln Memorial
31.63,Lincoln Memorial,13th St & New York Ave NW
27.52,Jefferson Dr & 14th St SW,4th St & Madison Dr NW
27.57,Jefferson Dr & 14th St SW,4th St & Madison Dr NW
18.79,Lincoln Memorial,Barton St & 10th St N
29.71,Jefferson Dr & 14th St SW,3rd St & Pennsylvania Ave SE
29.14,Jefferson Dr & 14th St SW,3rd St & Pennsylvania Ave SE
9.68,Jefferson Dr & 14th St SW,New York Ave & 15th St NW
7.03,Jefferson Dr & 14th St SW,Hains Point/Buckeye & Ohio Dr SW
21.12,Lincoln Memorial,Rolfe St & 9th St S
20.65,Jefferson Dr & 14th St SW,2nd St & Massachusetts Ave NE
43.2,Lincoln Memorial,15th & P St NW
42.86,Lincoln Memorial,15th & P St NW
26.24,Lincoln Memorial,Jefferson Memorial
25.85,Lincoln Memorial,Jefferson Memorial
17.45,Jefferson Dr & 14th St SW,2nd St & Massachusetts Ave NE
57.04,Jefferson Dr & 14th St SW,Jefferson Memorial
46.82,Lincoln Memorial,Maryland & Independence Ave SW
46.49,Lincoln Memorial,Maryland & Independence Ave SW
17.79,Jefferson Dr & 14th St SW,Maryland & Independence Ave SW
50.99,Jefferson Dr & 14th St SW,14th & D St NW / Ronald Reagan Building
7.94,Lincoln Memorial,Jefferson Memorial
23.35,Jefferson Dr & 14th St SW,22nd St & Constitution Ave NW
27.44,Lincoln Memorial,18th & M St NW
14.37,Jefferson Dr & 14th St SW,Columbus Circle / Union Station
38.86,Lincoln Memorial,Lincoln Memorial
38.31,Lincoln Memorial,Lincoln Memorial
15,Lincoln Memorial,Ohio Dr & West Basin Dr SW / MLK & FDR Memorials
11.41,Lincoln Memorial,Jefferson Dr & 14th St SW
17.24,Lincoln Memorial,Smithsonian-National Mall / Jefferson Dr & 12th St SW
18.38,Lincoln Memorial,Smithsonian-National Mall / Jefferson Dr & 12th St SW
19.49,Lincoln Memorial,Smithsonian-National Mall / Jefferson Dr & 12th St SW
19.29,Lincoln Memorial,Smithsonian-National Mall / Jefferson Dr & 12th St SW
42.38,Lincoln Memorial,New York Ave & 15th St NW
11.09,Lincoln Memorial,Jefferson Memorial
10.95,Lincoln Memorial,Jefferson Memorial
10.25,Lincoln Memorial,Jefferson Memorial
11.82,Jefferson Dr & 14th St SW,North Capitol St & F St NW
10.03,Jefferson Dr & 14th St SW,15th & L St NW
25.61,Lincoln Memorial,Ohio Dr & West Basin Dr SW / MLK & FDR Memorials
25.35,Lincoln Memorial,Ohio Dr & West Basin Dr SW / MLK & FDR Memorials
7.5,Lincoln Memorial,22nd St & Constitution Ave NW
5.27,Jefferson Dr & 14th St SW,14th & G St NW
6.07,Jefferson Dr & 14th St SW,19th St & Constitution Ave NW
3.7,Jefferson Dr & 14th St SW,10th St & L'Enfant Plaza SW
6.63,Jefferson Dr & 14th St SW,21st St & Constitution Ave NW
6.72,Jefferson Dr & 14th St SW,4th St & Madison Dr NW
8.07,Jefferson Dr & 14th St SW,21st St & Constitution Ave NW
16.77,Lincoln Memorial,4th & M St SW
15.51,Lincoln Memorial,North Capitol St & F St NW
15.1,Lincoln Memorial,5th St & Massachusetts Ave NW
18.67,Lincoln Memorial,North Capitol St & G Pl NE
21.98,Lincoln Memorial,S Joyce & 16th St S
11.55,Lincoln Memorial,Jefferson Memorial
11.37,Lincoln Memorial,Jefferson Memorial
29.47,Jefferson Dr & 14th St SW,10th & U St NW
28.83,Jefferson Dr & 14th St SW,10th & U St NW
24.39,Lincoln Memorial,Central Library / N Quincy St & 10th St N
9.21,Jefferson Dr & 14th St SW,23rd & E St NW
8.24,Jefferson Dr & 14th St SW,6th St & Indiana Ave NW
7.95,Jefferson Dr & 14th St SW,6th St & Indiana Ave NW
21.38,Lincoln Memorial,15th St & Massachusetts Ave SE
17.24,Lincoln Memorial,Hains Point/Buckeye & Ohio Dr SW
116.05,Jefferson Dr & 14th St SW,14th & Rhode Island Ave NW
115.86,Jefferson Dr & 14th St SW,14th & Rhode Island Ave NW
18,Lincoln Memorial,Hains Point/Buckeye & Ohio Dr SW
47.63,Jefferson Dr & 14th St SW,Henry Bacon Dr & Lincoln Memorial Circle NW
47.25,Jefferson Dr & 14th St SW,Henry Bacon Dr & Lincoln Memorial Circle NW
12.73,Jefferson Dr & 14th St SW,14th & R St NW
24.22,Lincoln Memorial,16th & Irving St NW
19.31,Lincoln Memorial,15th & N Scott St
16.94,Jefferson Dr & 14th St SW,1st & N St  SE
18.61,Jefferson Dr & 14th St SW,4th St & Madison Dr NW
12.83,Jefferson Dr & 14th St SW,14th & Rhode Island Ave NW
15.85,Lincoln Memorial,15th & P St NW
20.79,Jefferson Dr & 14th St SW,New Hampshire Ave & T St NW
21.15,Jefferson Dr & 14th St SW,New Hampshire Ave & T St NW
14.18,Lincoln Memorial,7th & F St NW/Portrait Gallery
13.78,Lincoln Memorial,Iwo Jima Memorial/N Meade & 14th St N
15.7,Jefferson Dr & 14th St SW,14th & Rhode Island Ave NW
24.76,Jefferson Dr & 14th St SW,15th & Crystal Dr
60.45,Jefferson Dr & 14th St SW,Lincoln Memorial
61.49,Jefferson Dr & 14th St SW,Lincoln Memorial
11.48,Jefferson Dr & 14th St SW,Columbus Circle / Union Station
13.11,Jefferson Dr & 14th St SW,5th & F St NW
34.53,Jefferson Dr & 14th St SW,4th & D St NW / Judiciary Square
13.74,Jefferson Dr & 14th St SW,20th & O St NW / Dupont South
10.3,Lincoln Memorial,Iwo Jima Memorial/N Meade & 14th St N
35.11,Jefferson Dr & 14th St SW,4th & D St NW / Judiciary Square
38.8,Jefferson Dr & 14th St SW,Jefferson Dr & 14th St SW
40.96,Jefferson Dr & 14th St SW,Jefferson Dr & 14th St SW
38.8,Jefferson Dr & 14th St SW,Jefferson Dr & 14th St SW
40.69,Jefferson Dr & 14th St SW,Jefferson Dr & 14th St SW
10.81,Lincoln Memorial,Iwo Jima Memorial/N Meade & 14th St N
67.86,Lincoln Memorial,Montgomery & East Ln
6.14,Jefferson Dr & 14th St SW,4th & E St SW
16.18,Jefferson Dr & 14th St SW,14th St & New York Ave NW
84.7,Jefferson Dr & 14th St SW,Metro Center / 12th & G St NW
78.48,Jefferson Dr & 14th St SW,7th & F St NW/Portrait Gallery
78.82,Jefferson Dr & 14th St SW,7th & F St NW/Portrait Gallery
80.78,Jefferson Dr & 14th St SW,7th & F St NW/Portrait Gallery
87.29,Jefferson Dr & 14th St SW,Metro Center / 12th & G St NW
88.97,Jefferson Dr & 14th St SW,Metro Center / 12th & G St NW
88.65,Jefferson Dr & 14th St SW,Metro Center / 12th & G St NW
16.53,Jefferson Dr & 14th St SW,Henry Bacon Dr & Lincoln Memorial Circle NW
46.8,Lincoln Memorial,Constitution Ave & 2nd St NW/DOL
49.18,Lincoln Memorial,Constitution Ave & 2nd St NW/DOL
50.15,Lincoln Memorial,Constitution Ave & 2nd St NW/DOL
19.38,Jefferson Dr & 14th St SW,Henry Bacon Dr & Lincoln Memorial Circle NW
112.64,Lincoln Memorial,Smithsonian-National Mall / Jefferson Dr & 12th St SW
11.56,Lincoln Memorial,Jefferson Dr & 14th St SW
11.89,Lincoln Memorial,Jefferson Dr & 14th St SW
17.48,Lincoln Memorial,Barton St & 10th St N
15.58,Jefferson Dr & 14th St SW,2nd St & Massachusetts Ave NE
1.03,Lincoln Memorial,Lincoln Memorial
29.89,Jefferson Dr & 14th St SW,10th St & Constitution Ave NW
30.34,Jefferson Dr & 14th St SW,10th St & Constitution Ave NW
39.17,Jefferson Dr & 14th St SW,Henry Bacon Dr & Lincoln Memorial Circle NW
39.08,Jefferson Dr & 14th St SW,Henry Bacon Dr & Lincoln Memorial Circle NW
25.56,Lincoln Memorial,Lincoln Memorial
25.5,Lincoln Memorial,Lincoln Memorial
40.15,Jefferson Dr & 14th St SW,17th & K St NW / Farragut Square
40.16,Jefferson Dr & 14th St SW,17th & K St NW / Farragut Square
37.42,Jefferson Dr & 14th St SW,4th & East Capitol St NE
75.96,Lincoln Memorial,C & O Canal & Wisconsin Ave NW
74.99,Lincoln Memorial,C & O Canal & Wisconsin Ave NW
25.68,Lincoln Memorial,10th St & Constitution Ave NW
31.35,Lincoln Memorial,Smithsonian-National Mall / Jefferson Dr & 12th St SW
15.84,Jefferson Dr & 14th St SW,11th & F St NW
32.33,Lincoln Memorial,Smithsonian-National Mall / Jefferson Dr & 12th St SW
19.03,Jefferson Dr & 14th St SW,11th & F St NW
7.5,Jefferson Dr & 14th St SW,Lincoln Memorial
9.02,Jefferson Dr & 14th St SW,Lincoln Memorial
3.28,Lincoln Memorial,Ohio Dr & West Basin Dr SW / MLK & FDR Memorials
7.63,Jefferson Dr & 14th St SW,21st St & Constitution Ave NW
25.3,Jefferson Dr & 14th St SW,4th & M St SW
15.29,Lincoln Memorial,17th & G St NW
15.7,Lincoln Memorial,17th & G St NW
17.67,Lincoln Memorial,19th & G St NW
63.1,Jefferson Dr & 14th St SW,Jefferson Dr & 14th St SW
22.14,Jefferson Dr & 14th St SW,Georgetown Harbor / 30th St NW
63.25,Jefferson Dr & 14th St SW,Jefferson Dr & 14th St SW
15.82,Lincoln Memorial,Maryland & Independence Ave SW
30.54,Lincoln Memorial,Constitution Ave & 2nd St NW/DOL
51.98,Lincoln Memorial,Jefferson Dr & 14th St SW
51.87,Lincoln Memorial,Jefferson Dr & 14th St SW
73.33,Jefferson Dr & 14th St SW,21st St & Constitution Ave NW
74.09,Jefferson Dr & 14th St SW,21st St & Constitution Ave NW
11.48,Lincoln Memorial,Jefferson Memorial
16.51,Jefferson Dr & 14th St SW,Maryland & Independence Ave SW
16.21,Jefferson Dr & 14th St SW,Maryland & Independence Ave SW
20.28,Jefferson Dr & 14th St SW,Maryland & Independence Ave SW
22.87,Jefferson Dr & 14th St SW,Maryland & Independence Ave SW
53.39,Jefferson Dr & 14th St SW,17th & K St NW / Farragut Square
52.38,Jefferson Dr & 14th St SW,Jefferson Memorial
23.93,Jefferson Dr & 14th St SW,Henry Bacon Dr & Lincoln Memorial Circle NW
21.1,Lincoln Memorial,10th St & Constitution Ave NW
27.24,Lincoln Memorial,Jefferson Dr & 14th St SW
27,Lincoln Memorial,Jefferson Dr & 14th St SW
38.48,Lincoln Memorial,13th St & New York Ave NW
7.74,Jefferson Dr & 14th St SW,Lincoln Memorial
13.96,Lincoln Memorial,12th & L St NW
13.1,Jefferson Dr & 14th St SW,Jefferson Dr & 14th St SW
41.45,Jefferson Dr & 14th St SW,17th St & Independence Ave SW
23.21,Jefferson Dr & 14th St SW,17th St & Independence Ave SW
22.87,Jefferson Dr & 14th St SW,17th St & Independence Ave SW
18.16,Lincoln Memorial,Columbus Circle / Union Station
6.38,Jefferson Dr & 14th St SW,22nd St & Constitution Ave NW
4.3,Jefferson Dr & 14th St SW,Independence Ave & L'Enfant Plaza SW/DOE
8.52,Jefferson Dr & 14th St SW,Washington & Independence Ave SW/HHS
19.68,Jefferson Dr & 14th St SW,Eastern Market Metro / Pennsylvania Ave & 7th St SE
7.77,Jefferson Dr & 14th St SW,US Dept of State / Virginia Ave & 21st St NW
16.82,Jefferson Dr & 14th St SW,15th & East Capitol St NE
18.68,Lincoln Memorial,4th & D St NW / Judiciary Square
26.41,Lincoln Memorial,14th & Harvard St NW
21.88,Lincoln Memorial,15th & W St NW
27.28,Lincoln Memorial,New Hampshire Ave & T St NW
21.22,Lincoln Memorial,15th & W St NW
11.56,Lincoln Memorial,20th & L St NW
22.6,Lincoln Memorial,1st & M St NE
21.28,Lincoln Memorial,7th & R St NW / Shaw Library
11.18,Lincoln Memorial,22nd & I St NW / Foggy Bottom
26.88,Lincoln Memorial,Columbus Circle / Union Station
26.87,Lincoln Memorial,Columbus Circle / Union Station
21.62,Lincoln Memorial,16th & R St NW
20.86,Lincoln Memorial,15th & P St NW
20.06,Lincoln Memorial,14th & Harvard St NW
19.59,Lincoln Memorial,14th & Harvard St NW
15.7,Lincoln Memorial,5th St & Massachusetts Ave NW
15.62,Lincoln Memorial,North Capitol St & F St NW
17.72,Lincoln Memorial,4th & M St SW
38,Lincoln Memorial,Jefferson Dr & 14th St SW
18.63,Lincoln Memorial,North Capitol St & G Pl NE
10.42,Lincoln Memorial,20th & L St NW
10.55,Lincoln Memorial,20th & L St NW
